1,2061234,Chris,Berman,Treiber,M,BSIT,1,CICS,133 Ferguson Rd.,chrisberman@gmail.com,9053500929,Spenser Berman,Rachael Treiber,Triston Berman,Brother
2,2067514,Perez,Hilton,Tuger,M,BSIT,2,CICS,134 Ferguson Rd.,perezhilton@gmail.com,9053500928,Stanley Hilton,Rachel Tuger,Troy Hilton,Uncle
3,2041575,Paris ,Hilton,Zaagman ,F,BSIT,3,CICS,135 Ferguson Rd.,parishilton@gmail.com,9053500927,Stefan Hilton,Rachelle Zaagman ,Tucker Hilton,Uncle
4,2024514,Nicole,Scherzinger,Zaalberg ,F,BSIT,4,CICS,136 Ferguson Rd.,nicolescherzinger@gmail.com,9053500926,Stephan Scherzinger,Raegan Zaalberg ,Ty Scherzinger,Brother
5,2051424,Tanya,Baxter,Zable ,F,BSCS,1,CICS,147 Ferguson Rd.,tanyabaxter@gmail.com,9053500915,Syed Baxter,Regan Zable ,Tanner Baxter,Uncle
6,2034855,David,Henry,Dulsen,M,BSCS,2,CICS,148 Ferguson Rd.,davidhenry@gmail.com,9053500914,Sage Henry,Regina Dulsen,Tariq Henry,Brother
7,2066744,Bob,Thompson,Lei,M,BSCS,3,CICS,149 Ferguson Rd.,bobthompson@gmail.com,9053500913,Talon Thompson,Reilly Lei,Nadia Thompson,Sister
8,2055555,Rose,Abdoo,Yu,F,BSCS,4,CICS,150 Ferguson Rd.,roseabdoo@gmail.com,9053500912,Tanner Abdoo,Reina Yu,Nancy Abdoo,Aunt
9,2053157,Lola,Martinez ,Lee,F,BSIM,1,CICS,161 Ferguson Rd.,lolamartinez@gmail.com,9053500901,Terrence Martinez ,Roselyn Lee,Nia Martinez ,Aunt
10,2069789,Quinn,Pensky,Woosh,M,BSIM,2,CICS,162 Ferguson Rd.,quinnpensky@gmail.com,9053500900,Terry Pensky,Rosemary Woosh,Nichole Pensky,Aunt
11,2069790,Logan ,Reese,Rock,M,BSIM,3,CICS,163 Ferguson Rd.,loganreese@gmail.com,9053500899,Tevin Reese,Rowan Rock,Nicole Reese,Sister
12,2069791,Dustin,Brooks,Patrick,M,BSIM,4,CICS,164 Ferguson Rd.,dustinbrooks@gmail.com,9053500898,Thaddeus Brooks,Ruby Patrick,Nicolette Brooks,Aunt
13,2069792,Dean,Rivers,Smith,M,MSIT,1,CICS,180 Ferguson Rd.,deanrivers@gmail.com,9053500882,Travis Rivers,Kaleigh Smith,Natalia Rivers,Sister
14,2069793,Seamus,Finnegan,Comicho,M,MSIT,2,CICS,181 Ferguson Rd.,seamusfinnegan@gmail.com,9053500881,Travon Finnegan,Kaley Comicho,Natalie Finnegan,Sister
15,2069794,Malcolm,Reese,Apilado,M,BLIS,1,CICS,182 Ferguson Rd.,malcolmreese@gmail.com,9053500880,Tre Reese,Kali Apilado,Nataly Reese,Aunt
16,2069795,Selena,Gomez,Lim,F,BLIS,2,CICS,183 Ferguson Rd.,selenagomez@gmail.com,9053500879,Trent Gomez,Kaliyah Lim,Natalya Gomez,Aunt
17,2069796,Lindsay,Lohan,Martin,M,BLIS,3,CICS,324 Guisad Baguio City,lexluthor@yahoo.com,9051234567,Lionel Lohan,Krista Martin,Martha Lohan,Aunt
18,2069797,Samantha,Ronson,Lee,F,BLIS,4,CICS,JE 89 Pico La Trinidad Benguet,tammielee@gmail.com,9217854203,Timmothy Ronson,Margarita Lee,McNee Ronson,Sister
19,2055315,Jonathan,Kent ,Yu,M,BS MATH,1,CICS,30 Camdas,toddrice@hotmail.com,9185427963,Thomas Kent ,Lilian Yu,Kara Kent ,Aunt
20,2055156,Ashlee,Simpson,Smithson,F,BS MATH,2,CICS,243 Holy Ghost Ext,lilo541@yahoo.com,9095205557,Michael Simpson,Aliana Smithson,Mark Simpson,Uncle
21,2069798,Jessica,Simpson,Hammet,M,BS MATH,3,CICS,15 A-5 Fairview Ext,nirvana@gmail.com,9278429871,Juan Simpson,Juanita Hammet,Juanito Simpson,Uncle
22,2069799,Kurt,Cobain,Hall,M,BS MATH,4,CICS,16 A-5 Fairview Ext,metallica@yahoo.com,9265470020,Pedro Cobain,Maria Hall,Mario Cobain,Brother
23,2055315,Kirk,Hamet,Rhodes,M,BSStat,1,CICS,74 Phil-Am Rd ,gossipgirl@yahoo.com,9206570001,Bart Hamet,Lilian Rhodes,Rufus Hamet,Uncle
24,2066635,Erik,Vanderwoodsen,Rhodes,F,BSStat,2,CICS,4 Phil-Am Rd,serenadan@gmail.com,9095200001,Bart Vanderwoodsen,Lilian Rhodes,Rufus Vanderwoodsen,Uncle
25,2099999,Martha,Kent ,Rose,M,BSStat,3,CICS,39 Badihoy,natevanesa@yahoo.com,9178433256,George Kent ,Georgina Rose,Lilian Kent ,Aunt
26,2099998,Lilian,Bass,Wong,M,BSStat,4,CICS,4 Old Forestry Cpd,chuckbass@gmail.com,9165899874,Bart Bass,Angel Wong,Jack Bass,Uncle
27,2066666,Sam,Oliver,Harrison,M,BSIT,1,CICS,JE 100 Betag La Trinidad Benguet,samoliver@gmail.com,9053501297,Tyler Oliver,Valarie Rae Harrison,Ray Harrison,Uncle
28,2066668,Mendoza,kelvina Jana,Manzano,F,BSIM,1,CICS,JE 102 Betag La Trinidad Benguet,kelvinajana@hotmail.com,9053501299,Carlo Mendoza,Carla Manzano,Carlos Manzano,Uncle
29,2066669,Fabaan,Georgina Lyn,Macarimpas,F,bs math,1,CICS,JE 103 Betag La Trinidad Benguet,georginalyn@gmail.com,9053501390,Victor Fabaan,Victoria Macarimpas,Vivian Lee,Aunt
30,2067777,Thomasilyn,Del Monte,Heinz,F,bscs,4,CICS,JE 104 Betag La Trinidad Benguet,thomasilyn@gmail.com,9219984111,Junior Del Monte,Edelbertha Heinz,Sen Yu,God Father
31,2070054,Waylon,Jones,Bootay,M,MBS,1,CNS,28 Cabinet Hill,waylonjones@yahoo.com,9219984085,Alaister Jones,Adrian Bootay,Jeff Jones,Brother
32,2070055,Lyle,Bolton ,Odyssey,M,MBS,2,CNS,27 Cabinet Hill,lylebolton@yahoo.com,9219984084,Ale Bolton ,Adriana Odyssey,Jefferson Bolton ,Uncle
33,2070056,Jervez,Tetch,Crab,M,MBS,3,CNS,26 Cabinet Hill,jerveztetch@yahoo.com,9219984083,Alfie Tetch,Adrianna Crab,Jeffery Tetch,Brother
34,2070057,Kirk,Langstorm,Virgo,M,MBS,4,CNS,25 Cabinet Hill,kirklangstorm@yahoo.com,9219984082,Amancleep Langstorm,Adrienne Virgo,Jeffrey Langstorm,Uncle
35,2070018,Galius,Zed,Cocaine,M,MD,1,COM,7 Apugan Irisan ,bobdylan@yahoo.com,9219984069,Brian Zed,Yvonne Cocaine,Walter Zed,Uncle
36,2070019,Scott,Free,Vander,M,MD,2,COM,12 Apugan Irisan,brianark@yahoo.com,9219984068,Robert Free,Robertha Vander,Robbin Free,Uncle
37,2070020,Chuck,Wilson ,Stein,M,MD,3,COM,JD 237 Pico La Trinidad,jaronlowen@yahoo.com,9219984067,Tobias Wilson ,Tabias Stein,Richard Wilson ,Uncle
38,2070021,Hans,Hendrickson,Hen,M,MD,4,COM,JD 123 Pico La Trinidad,jeffcoehen@yahoo.com,9219984066,Raymund Hendrickson,Diana Hen,Eliz Hendrickson,Sister
39,2050014,Lois,Lane,Lane,F,BSED,1,COE,Km 5 Asin Rd,Supergirl@yahoo.com,9152888459,Jonathan Lane,Martha Lane,Jor-El Lane,Uncle
40,2050015,Kara,Kent ,Kent,F,BSED ,2,COE,155 Assumption Rd,lanalang@hotmail. com,9062547788,Jonathan Kent ,Martina Kent,Clark Kent ,Uncle
41,2050016,Serena,Vanderwoodsen,Lee,F,BSED ,3,COE,133 Hillside,georginalee@gmail.com,9178845522,Geo Vanderwoodsen,Gia Lee,Gilbert Vanderwoodsen,Uncle
42,2050017,Mark,Ronson,Lane,M,BSED ,4,COE,21 P Zamora,smarty@gmail.com,9215447778,Oliver Ronson,Catalina Lane,Clark Ronson,Uncle
43,2090058,Hugh,Jackman,Van,M,MA ENGL,1,CHS,205 Camdas,hughjackman@yahoo.com,9053501253,Angelo Jackman,Carla Van,Kallie Jackman,Sister
44,2090059,Elizabeth ,Swan,Beethoven,F,MA ENGL,2,CHS,204 Camdas,elizswan@yahoo.com,9053501252,Adib Swan,Carlee Beethoven,Kamryn Swan,Aunt
45,2090060,Jack,Sparrow,Light,M,MA ENGL,3,CHS,203 Camdas,jacksparrow@yahoo.com,9053501251,Alain Sparrow,Carley Light,Kara Sparrow,Sister
46,2090061,David,Jones,Batombacal,M,MA ENGL,4,CHS,202 Camdas,davidjones@yahoo.com,9053501250,Kade Jones,Carli Batombacal,Karen Jones,Sister
47,2050101,Gad,Hassan,Kosztolanyi,M,BSN,1,CON,9 Badihoy,gadhassan@gmail.com,9053501137,Eliezer Hassan,Deven Kosztolanyi,Raymond Hassan,Brother
48,2050102,Allen,Chamberlain,Kovach,M,BSN,2,CON,10 Badihoy,allenchamberlain@gmail.com,9053501136,Elijah Chamberlain,Devin Kovach,Raymundo Chamberlain,Uncle
49,2050103,Arnold ,Vosloo,Kovacs,M,BSN,3,CON,11 Badihoy,arnoldvosloo@gmail.com,9053501135,Eliseo Vosloo,Devon Kovacs,Rayshawn Vosloo,Uncle
50,2050104,Freddie,Alex,Kozan,M,BSN,4,CON,12 Badihoy,freddiealex@gmail.com,9053501134,Elisha Alex,Devonta Kozan,Reece Alex,Brother
51,2050138,Elise,Wells,Kovach,F,BSC MKTG,1,CAC,50 Apugan Irisan,elisewells@gmail.com,9053501099,Garrison Wells,Dusty Kovach,Roland Wells,Uncle
52,2050139,Emma,Demar,Kovacs,F,BSC MKTG,2,CAC,51 Apugan Irisan,emmademar@gmail.com,9053501098,Gary Demar,Dwayne Kovacs,Rolando Demar,Brother
53,2050140,Michelle,Berg,Kozan,F,BSC MKTG,3,CAC,52 Apugan Irisan,michelleberg@gmail.com,9053501097,Gavin Berg,Dwight Kozan,Roman Berg,Brother
54,2050141,Lady,Beaton,Kreko,F,BSC MKTG,4,CAC,53 Apugan Irisan,ladybeaton@gmail.com,9053501096,Genaro Beaton,Dylan Kreko,Romeo Beaton,Uncle
55,2066667,Tyler ,Labine,Smith,M,BS ARCH,1,CEA,JE 101 Betag La Trinidad Benguet,tylerlabine@gmail.com,9053501298,Alex Labine,Alexandra Smith,Alexine Labine,Sister
56,2050125,Amanda,Sheton,Meszaros,F,BSElE,1,CEA,36 Apugan Irisan,amandasheton@gmail.com,9053501113,Estevan Sheton,Donald Meszaros,Riley Sheton,Uncle
57,2050126,Howard,Archibald,Meyerling,M,BSElE,2,CEA,37 Apugan Irisan,howardarchibald@gmail.com,9053501112,Ethan Archibald,Donavan Meyerling,River Archibald,Uncle
58,2050127,Sam,Robards,Mezei,F,BSElE,3,CEA,38 Apugan Irisan,samrobards@gmail.com,9053501111,Eugene Robards,Donnell Mezei,Robbie Robards,Brother
59,2050128,Hazel,Williams,Mocsary,F,BSElE,4,CEA,39 Apugan Irisan,hazelwilliams@gmail.com,9053501110,Evan Williams,Donnie Mocsary,Robert Williams,Brother
60,2050129,Dreama,Walker ,More,F,BSElE,5,CEA,40 Apugan Irisan,dreamawalker@gmail.com,9053501109,Everett Walker ,Donovan More,Roberto Walker ,Uncle
61,2050210,Natalie,Imbruglia,Spisak,F,LL. B.,1,COL,43 Ferguson Rd.,natalieimbruglia@gmail.com,9053501019,Reece Imbruglia,Taya Spisak,Blake Imbruglia,Brother
62,2050211,Rob,Thomas,Stifter,M,LL. B.,2,COL,44 Ferguson Rd.,robthomas@gmail.com,9053501018,Reed Thomas,Tayler Stifter,Bo Thomas,Uncle
63,2050212,Peter,Parker,Strobel,M,LL. B.,3,COL,45 Ferguson Rd.,peterparker@gmail.com,9053501017,Reese Parker,Taylor Strobel,Bobby Parker,Uncle
64,2050213,Mary Jane,Maja,Szalayi,F,LL. B.,4,COL,46 Ferguson Rd.,maryjane@gmail.com,9053501016,Reggie Maja,Teagan Szalayi,Brad Maja,Brother
65,2050061,Sam,Uley,Fisher,M,MES,1,CNS,129 Camdas,samuley@gmail.com,9053501177,Braydon Uley,Darrius Fisher,Kristen Uley,Aunt
66,2050218,Allison,Mack,Nagy,F,BEED VAL,1,COE,51 Ferguson Rd.,allisonmack@gmail.com,9053501011,Reuben Mack,Theresa Nagy,Brady Mack,Uncle
67,2050259,Tom,Virtue,Szepi,M,AB POLIT SC,2,CHS,99 Ferguson Rd.,virtuetomail.com,9053500963,Salvatore Virtue,Shelby Szepi,Terrance Virtue,Uncle
68,2050284,Sean,Faris,Szucs,M,AHSE,2,CON,129 Ferguson Rd.,seanfaris@gmail.com,9053500933,Skyler Faris,Sydney Szucs,Tristan Faris,Uncle
69,2050086,Olive,Snook,Kapusi,F,BS S WK,2,CHS,20 Badihoy,olivesnook@gmail.com,9053501152,Bailey Snook,Denzel Kapusi,Kaley Snook,Aunt
70,2050120,Kati,Farkas,Matusicki,F,BSIE,3,CEA,31 Apugan Irisan,katifarkas@gmail.com,9053501118,Erik Farkas,Dominic Matusicki,Rickey Farkas,Uncle
