1,2066667,Cheating,Warning,08.Aug.2004 
2,2066667,Cheating,Reprimand,09.Feb.2004 
3,2066667,Cheating,Non-readmission,16.Dec.2004 
4,2066666,Not wearing I.D inside the campus,Warning,14.Jun.2006
5,2050061,Vandalism,Warning,15.sep.2009
6,2050061,Vandalism,Warning,02.oct.2009
7,2050061,Bringing liquor,Reprimand,16.Jul.2009
8,2050061,Gambling,Kick Out,18.Aug.2009
9,2050218,Cheating,Warning,06.Sep.2009
10,2050218,Cheating,Reprimand,08.Feb.2009
11,2050259,Littering,Warning,12.Jun.2008
12,2050259,Littering,Reprimand,12.Dec.2008
13,2050259,Littering,Suspension,16.Aug.2009
14,2050120,Wearing I.D without Validation Sticker,Warning,29.Nov.2007
15,2050120,Wearing I.D without Validation Sticker,Reprimand,15.Jun.2008
16,2050120,Wearing I.D without Validation Sticker,Censure,19.Aug.2009
17,2050086,Tampering official notices,Warning,29.Nov.2004
18,2050086,Tampering official notices,Reprimand,15.Jun.2005
19,2050086,Tampering official notices,Censure,19.Aug.2005
20,2050086,Tampering official notices,Expulsion,15.Jun.2004
21,2061234,Not wearing I.D inside the campus,Warning,19.Aug.2005
22,2067514,Not wearing I.D inside the campus,Warning,29.Nov.2004
23,2041575,Not wearing I.D inside the campus,Warning,01.Sep.2009
24,2024514,Not wearing I.D inside the campus,Warning,01.Sep.2008
25,2051424,Not wearing I.D inside the campus,Warning,01.Sep.2007
26,2034855,Not wearing I.D inside the campus,Warning,02.Aug.2009
27,2066744,Not wearing I.D inside the campus,Warning,15.Jun.2009
28,2055555,Not wearing I.D inside the campus,Warning,16.Jul.2009
29,2053157,Not wearing I.D inside the campus,Warning,25.Aug.2009
30,2069789,Not wearing I.D inside the campus,Warning,15.sep.2009
31,2069790,Not wearing I.D inside the campus,Warning,10.Oct.2009
32,2069791,Not wearing I.D inside the campus,Warning,15.Jun.2009
33,2069792,Not wearing I.D inside the campus,Warning,16.Jul.2009
34,2069793,Not wearing I.D inside the campus,Warning,25.Aug.2009
35,2069794,Not wearing I.D inside the campus,Warning,15.sep.2009
36,2069795,Not wearing I.D inside the campus,Warning,10.Oct.2009
37,2069796,Not wearing I.D inside the campus,Warning,15.Jun.2009
38,2069797,Not wearing I.D inside the campus,Warning,16.Jul.2009
39,2055315,Not wearing I.D inside the campus,Warning,25.Aug.2009
40,2070055,Not wearing I.D inside the campus,Warning,15.sep.2009
41,2070056,Not wearing I.D inside the campus,Warning,10.Oct.2009
42,2070057,Not wearing I.D inside the campus,Warning,15.Jun.2009
43,2070018,Not wearing I.D inside the campus,Warning,16.Jul.2009
44,2070019,Not wearing I.D inside the campus,Warning,25.Aug.2009
45,2070020,Not wearing I.D inside the campus,Warning,15.sep.2009
46,2070021,Not wearing I.D inside the campus,Warning,10.Oct.2009
47,2050014,Not wearing I.D inside the campus,Warning,15.Jun.2009
48,2050015,Not wearing I.D inside the campus,Warning,16.Jul.2009
49,2050016,Not wearing I.D inside the campus,Warning,25.Aug.2009
50,2050017,Not wearing I.D inside the campus,Warning,15.sep.2009
